
	<!DOCTYPE project [
		<!ELEMENT project (objectids-table | current-scenario | duration | aggregation-period | truncated-mean | percentile)* >
	
		<!ELEMENT objectids-table (objectids-entry)* >
		<!ELEMENT objectids-entry (#PCDATA)>
		<!ELEMENT duration (#PCDATA)>
		<!ELEMENT truncated-mean (#PCDATA)>
		<!ELEMENT percentile (#PCDATA)>
		<!ELEMENT aggregation-period (#PCDATA)>
		<!ELEMENT current-scenario (#PCDATA)>
		<!ATTLIST duration
		    value CDATA #REQUIRED>
	    <!ATTLIST aggregation-period
		    value CDATA #REQUIRED>
		<!ATTLIST objectids-entry
		    objectid CDATA #REQUIRED
		    type CDATA #REQUIRED
		    value CDATA #REQUIRED
		    key CDATA #REQUIRED>
		<!ATTLIST truncated-mean
		    centered-interval CDATA #REQUIRED
		    percentage CDATA #REQUIRED>
		 <!ATTLIST percentile
		    percentage CDATA #REQUIRED>
	]>


<!--****** RUNTIME PROJECT ******--><project>
<!--****** CURRENT SCENARIO ******-->
<current-scenario>petstoreScenario</current-scenario>
<!--****** OBJECTIDS ******-->
<objectids-table>
<objectids-entry key="" objectid="0" type="LG_HOST" value="localhost:7100"/>
<objectids-entry key="" objectid="1" type="ZONE" value="Zone par défaut"/>
<objectids-entry key="Zone par défaut¤petstore¤" objectid="2" type="POPULATION" value="petstore"/>
<objectids-entry key="Zone par défaut¤petstore¤2- Buyer" objectid="51" type="VIRTUAL_USER" value="2- Buyer"/>
<objectids-entry key="Zone par défaut¤petstore¤2- Buyer" objectid="52" type="BASIC_LOGICAL_CONTAINER" value="$parent=2- Buyer;$index=0"/>
<objectids-entry key="Zone par défaut¤petstore¤2- Buyer" objectid="53" type="BASIC_LOGICAL_CONTAINER" value="$parent=2- Buyer;$index=1"/>
<objectids-entry key="Zone par défaut¤petstore¤2- Buyer" objectid="54" type="TRY" value="a1e4d738-1a54-447f-8b0c-af9364a65473"/>
<objectids-entry key="Zone par défaut¤petstore¤2- Buyer" objectid="55" type="BASIC_LOGICAL_CONTAINER" value="$parent=a1e4d738-1a54-447f-8b0c-af9364a65473;$index=0"/>
<objectids-entry key="Zone par défaut¤petstore¤2- Buyer" objectid="56" type="BASIC_LOGICAL_CONTAINER" value="e19de660-b390-412f-8c8e-43ae93366fb8"/>
<objectids-entry key="Zone par défaut¤petstore¤2- Buyer" objectid="57" type="HTTP_PAGE" value="235a5d90-af10-4c14-873a-49ea7dcf5cd8"/>
<objectids-entry key="Zone par défaut¤petstore¤2- Buyer" objectid="58" type="ACTION" value="cb3e5a19-bbbe-421d-97ed-d12e2e13b500"/>
<objectids-entry key="Zone par défaut¤petstore¤2- Buyer" objectid="59" type="HTTP_PAGE" value="cc488a68-e0c8-4ccc-b3cd-0396eae73e59"/>
<objectids-entry key="Zone par défaut¤petstore¤2- Buyer" objectid="60" type="ACTION" value="ca387870-621c-4062-b52a-ed7db50c0bc2"/>
<objectids-entry key="Zone par défaut¤petstore¤2- Buyer" objectid="61" type="ACTION" value="d7b2ed23-7062-4640-bb21-662e1dbd993a"/>
<objectids-entry key="Zone par défaut¤petstore¤2- Buyer" objectid="62" type="ACTION" value="893ed0e7-51e6-43ed-bd08-22755eedf676"/>
<objectids-entry key="Zone par défaut¤petstore¤2- Buyer" objectid="63" type="HTTP_PAGE" value="b8b14270-60a6-4741-807b-ac05ae97de1d"/>
<objectids-entry key="Zone par défaut¤petstore¤2- Buyer" objectid="64" type="ACTION" value="c99354c4-5180-478f-bbb7-0c2b19a74115"/>
<objectids-entry key="Zone par défaut¤petstore¤2- Buyer" objectid="65" type="ACTION" value="63d7f14d-e46d-4bf0-a2c0-45bbe163eb7a"/>
<objectids-entry key="Zone par défaut¤petstore¤2- Buyer" objectid="66" type="ACTION" value="db6f5a4a-5926-40e5-8672-b3f0f4feff39"/>
<objectids-entry key="Zone par défaut¤petstore¤2- Buyer" objectid="67" type="ACTION" value="57729486-c7ef-4557-958b-7b93fa4b2446"/>
<objectids-entry key="Zone par défaut¤petstore¤2- Buyer" objectid="68" type="BASIC_LOGICAL_CONTAINER" value="$parent=a1e4d738-1a54-447f-8b0c-af9364a65473;$index=1"/>
<objectids-entry key="Zone par défaut¤petstore¤2- Buyer" objectid="69" type="GO_TO_NEXT_ITERATION" value="1941fde3-265d-43ae-b513-27692c9e9d03"/>
<objectids-entry key="Zone par défaut¤petstore¤2- Buyer" objectid="70" type="IF" value="a3bdaf46-d38e-45f1-b07b-2f0617a4250a"/>
<objectids-entry key="Zone par défaut¤petstore¤2- Buyer" objectid="71" type="BASIC_LOGICAL_CONTAINER" value="$parent=a3bdaf46-d38e-45f1-b07b-2f0617a4250a;$index=0"/>
<objectids-entry key="Zone par défaut¤petstore¤2- Buyer" objectid="72" type="BASIC_LOGICAL_CONTAINER" value="0eff0ec8-7659-4449-a93c-d85fc018d26d"/>
<objectids-entry key="Zone par défaut¤petstore¤2- Buyer" objectid="73" type="HTTP_PAGE" value="a56364c9-491b-47fc-8c91-7253dc24c1de"/>
<objectids-entry key="Zone par défaut¤petstore¤2- Buyer" objectid="74" type="ACTION" value="69806f5c-b8cf-4715-94b9-45a172fd830c"/>
<objectids-entry key="Zone par défaut¤petstore¤2- Buyer" objectid="75" type="BASIC_LOGICAL_CONTAINER" value="9dad0098-9867-47d5-a7ef-9b2cc2ffb0f3"/>
<objectids-entry key="Zone par défaut¤petstore¤2- Buyer" objectid="76" type="HTTP_PAGE" value="0dd380ff-d038-424a-893c-85bb6e72cf69"/>
<objectids-entry key="Zone par défaut¤petstore¤2- Buyer" objectid="77" type="ACTION" value="69b203fb-509f-490b-85fc-d8d920275523"/>
<objectids-entry key="Zone par défaut¤petstore¤2- Buyer" objectid="78" type="BASIC_LOGICAL_CONTAINER" value="4eeeb3f5-8aa5-4467-8d7f-b092f833c5e1"/>
<objectids-entry key="Zone par défaut¤petstore¤2- Buyer" objectid="79" type="HTTP_PAGE" value="0d4c92e6-fcad-444d-9d8d-84a7dcc7bb89"/>
<objectids-entry key="Zone par défaut¤petstore¤2- Buyer" objectid="80" type="ACTION" value="26c802d8-6e6d-4682-8376-142c91163ff7"/>
<objectids-entry key="Zone par défaut¤petstore¤2- Buyer" objectid="81" type="ACTION" value="79a93aa6-0b81-4046-adc8-0ee8c0b35ebc"/>
<objectids-entry key="Zone par défaut¤petstore¤2- Buyer" objectid="82" type="BASIC_LOGICAL_CONTAINER" value="8d526201-b7a0-433e-a510-6ece51054e33"/>
<objectids-entry key="Zone par défaut¤petstore¤2- Buyer" objectid="83" type="HTTP_PAGE" value="e78e4826-d6dd-45a2-8e54-13bb620eb5dc"/>
<objectids-entry key="Zone par défaut¤petstore¤2- Buyer" objectid="84" type="ACTION" value="44985a7a-d486-4964-b376-98300d670e93"/>
<objectids-entry key="Zone par défaut¤petstore¤2- Buyer" objectid="85" type="BASIC_LOGICAL_CONTAINER" value="c8e6943d-f592-4686-a2cb-d619af137913"/>
<objectids-entry key="Zone par défaut¤petstore¤2- Buyer" objectid="86" type="HTTP_PAGE" value="5e4ad4b9-5c86-4e79-b44e-b07ade7e1c7f"/>
<objectids-entry key="Zone par défaut¤petstore¤2- Buyer" objectid="87" type="ACTION" value="9a9a700e-b177-409f-8569-52e9f9543f6f"/>
<objectids-entry key="Zone par défaut¤petstore¤2- Buyer" objectid="88" type="ACTION" value="95e1caa1-a968-4e33-ba45-14360a45897f"/>
<objectids-entry key="Zone par défaut¤petstore¤2- Buyer" objectid="89" type="HTTP_PAGE" value="c8a92736-7f65-407c-b982-81a28c2c5d60"/>
<objectids-entry key="Zone par défaut¤petstore¤2- Buyer" objectid="90" type="ACTION" value="f5b91b9f-0396-42f6-910d-a3e3e75e25bd"/>
<objectids-entry key="Zone par défaut¤petstore¤2- Buyer" objectid="91" type="BASIC_LOGICAL_CONTAINER" value="54d81832-be82-4a2f-85af-f2cd0cb6223f"/>
<objectids-entry key="Zone par défaut¤petstore¤2- Buyer" objectid="92" type="HTTP_PAGE" value="170feaa5-d00f-405f-9346-ab6a9f56355b"/>
<objectids-entry key="Zone par défaut¤petstore¤2- Buyer" objectid="93" type="ACTION" value="80862695-d35b-45d2-b4d7-700c12578c40"/>
<objectids-entry key="Zone par défaut¤petstore¤2- Buyer" objectid="94" type="HTTP_PAGE" value="43b95af2-d891-4354-881d-4c3bd415bf13"/>
<objectids-entry key="Zone par défaut¤petstore¤2- Buyer" objectid="95" type="ACTION" value="bb1cdf40-ca46-487c-937c-cc83bb2f5c4a"/>
<objectids-entry key="Zone par défaut¤petstore¤2- Buyer" objectid="96" type="BASIC_LOGICAL_CONTAINER" value="$parent=a3bdaf46-d38e-45f1-b07b-2f0617a4250a;$index=1"/>
<objectids-entry key="Zone par défaut¤petstore¤2- Buyer" objectid="97" type="GO_TO_NEXT_ITERATION" value="452d4201-6ef1-40c2-9c4d-a8691a21890c"/>
<objectids-entry key="Zone par défaut¤petstore¤2- Buyer" objectid="98" type="BASIC_LOGICAL_CONTAINER" value="$parent=2- Buyer;$index=2"/>
<objectids-entry key="Zone par défaut¤petstore¤2-Searcher" objectid="118" type="VIRTUAL_USER" value="2-Searcher"/>
<objectids-entry key="Zone par défaut¤petstore¤2-Searcher" objectid="119" type="BASIC_LOGICAL_CONTAINER" value="$parent=2-Searcher;$index=0"/>
<objectids-entry key="Zone par défaut¤petstore¤2-Searcher" objectid="120" type="BASIC_LOGICAL_CONTAINER" value="$parent=2-Searcher;$index=1"/>
<objectids-entry key="Zone par défaut¤petstore¤2-Searcher" objectid="121" type="BASIC_LOGICAL_CONTAINER" value="09afd0fd-0af8-4963-90db-7f43d8cf13ce"/>
<objectids-entry key="Zone par défaut¤petstore¤2-Searcher" objectid="122" type="HTTP_PAGE" value="c24303d2-e78a-4047-a6ed-7c35832a75ab"/>
<objectids-entry key="Zone par défaut¤petstore¤2-Searcher" objectid="123" type="ACTION" value="c8268058-68b6-4888-9be8-209bc6ee898a"/>
<objectids-entry key="Zone par défaut¤petstore¤2-Searcher" objectid="124" type="HTTP_PAGE" value="c8615e21-f47c-430b-9c5c-4104f13a738c"/>
<objectids-entry key="Zone par défaut¤petstore¤2-Searcher" objectid="125" type="ACTION" value="ea43f472-4841-402c-9e71-a9cbe8b8c1c0"/>
<objectids-entry key="Zone par défaut¤petstore¤2-Searcher" objectid="126" type="BASIC_LOGICAL_CONTAINER" value="40c7e51c-82c4-4971-9499-9df990769b7c"/>
<objectids-entry key="Zone par défaut¤petstore¤2-Searcher" objectid="127" type="HTTP_PAGE" value="84438278-850f-4721-b41c-8e4b1162ed75"/>
<objectids-entry key="Zone par défaut¤petstore¤2-Searcher" objectid="128" type="ACTION" value="ad653a32-c6c3-4662-a5c0-058cd63d0898"/>
<objectids-entry key="Zone par défaut¤petstore¤2-Searcher" objectid="129" type="ACTION" value="f0600ce6-ebd1-49cf-aeae-8569cc644c78"/>
<objectids-entry key="Zone par défaut¤petstore¤2-Searcher" objectid="130" type="BASIC_LOGICAL_CONTAINER" value="1d7c2ee2-911f-4241-bf08-1b81e69a7dc5"/>
<objectids-entry key="Zone par défaut¤petstore¤2-Searcher" objectid="131" type="HTTP_PAGE" value="cad12e0b-d4bf-47a3-aba3-c75a1bc36333"/>
<objectids-entry key="Zone par défaut¤petstore¤2-Searcher" objectid="132" type="ACTION" value="e45ca583-a90a-485f-9439-380f348b569c"/>
<objectids-entry key="Zone par défaut¤petstore¤2-Searcher" objectid="133" type="BASIC_LOGICAL_CONTAINER" value="5e9bdda1-ca80-4bb1-a6ec-8ab22b40abe8"/>
<objectids-entry key="Zone par défaut¤petstore¤2-Searcher" objectid="134" type="HTTP_PAGE" value="06d51204-52a0-4382-a765-318f24289ec0"/>
<objectids-entry key="Zone par défaut¤petstore¤2-Searcher" objectid="135" type="ACTION" value="1dc76ca6-5333-4372-a0d4-40a71380a2a7"/>
<objectids-entry key="Zone par défaut¤petstore¤2-Searcher" objectid="136" type="BASIC_LOGICAL_CONTAINER" value="$parent=2-Searcher;$index=2"/>
<objectids-entry key="¤¤" objectid="137" type="MONITORED_HOST" value="35.180.156.209"/>
<objectids-entry key="¤¤" objectid="138" type="MONITORCONNECTION" value="35.180.156.209$mysql"/>
<objectids-entry key="¤¤" objectid="139" type="MONITOR" value="35.180.156.209$mysql$Connections/ threads connected"/>
<objectids-entry key="¤¤" objectid="140" type="MONITOR" value="35.180.156.209$mysql$Connections/ aborted clients"/>
<objectids-entry key="¤¤" objectid="141" type="THRESHOLD" value="35.180.156.209$mysql$f4958463-bca1-4451-9d7e-2c0022200a48"/>
<objectids-entry key="¤¤" objectid="142" type="MONITOR" value="35.180.156.209$mysql$Connections/ aborted connects"/>
<objectids-entry key="¤¤" objectid="143" type="THRESHOLD" value="35.180.156.209$mysql$a4dd6822-a760-4370-afc7-51a7be2986cb"/>
<objectids-entry key="¤¤" objectid="144" type="MONITOR" value="35.180.156.209$mysql$Connections/ max used"/>
<objectids-entry key="¤¤" objectid="145" type="MONITOR" value="35.180.156.209$mysql$Select Rates/ select full join"/>
<objectids-entry key="¤¤" objectid="146" type="THRESHOLD" value="35.180.156.209$mysql$4578250f-4857-4dce-bda4-f70772058480"/>
<objectids-entry key="¤¤" objectid="147" type="MONITOR" value="35.180.156.209$mysql$Select Rates/ select range check"/>
<objectids-entry key="¤¤" objectid="148" type="MONITOR" value="35.180.156.209$mysql$Read Rates/ handler read random"/>
<objectids-entry key="¤¤" objectid="149" type="MONITOR" value="35.180.156.209$mysql$Read Rates/ handler read random next"/>
<objectids-entry key="¤¤" objectid="150" type="MONITOR" value="35.180.156.209$mysql$Key Rates/ key reads (disk)"/>
<objectids-entry key="¤¤" objectid="151" type="MONITOR" value="35.180.156.209$mysql$Key Rates/ key writes (disk)"/>
<objectids-entry key="¤¤" objectid="152" type="MONITOR" value="35.180.156.209$mysql$Commands Rates/ handler rollback"/>
<objectids-entry key="¤¤" objectid="153" type="MONITOR" value="35.180.156.209$mysql$Commands Rates/ handler savepoint rollback"/>
<objectids-entry key="¤¤" objectid="154" type="MONITOR" value="35.180.156.209$mysql$Tables/ table locks waited"/>
<objectids-entry key="¤¤" objectid="155" type="THRESHOLD" value="35.180.156.209$mysql$75bc1a8e-a733-4d8b-856b-b92e0f0a4698"/>
<objectids-entry key="¤¤" objectid="156" type="MONITOR" value="35.180.156.209$mysql$Memory/ % key buffer size"/>
<objectids-entry key="¤¤" objectid="157" type="THRESHOLD" value="35.180.156.209$mysql$eadda1f9-6fd9-4623-a5ff-61823e8dd328"/>
<objectids-entry key="¤¤" objectid="158" type="MONITOR" value="35.180.156.209$mysql$Misc./ slow queries"/>
<objectids-entry key="¤¤" objectid="159" type="THRESHOLD" value="35.180.156.209$mysql$f30b059f-7c7c-40f5-b74b-ca2f1789d3b6"/>
<objectids-entry key="¤¤" objectid="160" type="MONITOR" value="35.180.156.209$mysql$Misc./ slow launch threads"/>
<objectids-entry key="¤¤" objectid="161" type="MONITOR" value="35.180.156.209$mysql$Misc./ sort merge passes"/>
<objectids-entry key="¤¤" objectid="162" type="THRESHOLD" value="35.180.156.209$mysql$0034095e-924a-4122-a4cc-d963cf4aba28"/>
<objectids-entry key="¤¤" objectid="163" type="MONITOR" value="35.180.156.209$mysql$Misc./ not flushed delayed rows"/>
<objectids-entry key="¤¤" objectid="164" type="MONITOR" value="35.180.156.209$mysql$Description/ Database Version"/>
<objectids-entry key="¤¤" objectid="165" type="MONITORCONNECTION" value="35.180.156.209$http-apache"/>
<objectids-entry key="¤¤" objectid="166" type="MONITORCONNECTION" value="35.180.156.209$tomcat"/>
<objectids-entry key="¤¤" objectid="167" type="MONITORED_HOST" value="NeoLoad"/>
<objectids-entry key="¤¤" objectid="168" type="MONITORCONNECTION" value="NeoLoad$NeoLoad"/>
<objectids-entry key="¤¤" objectid="169" type="MONITOR" value="NeoLoad$NeoLoad$UserLoad"/>
<objectids-entry key="¤¤" objectid="170" type="MONITOR" value="NeoLoad$NeoLoad$throughput"/>
<objectids-entry key="¤¤" objectid="171" type="MONITOR" value="NeoLoad$NeoLoad$Alerts"/>
<objectids-entry key="¤¤" objectid="172" type="MONITOR" value="NeoLoad$NeoLoad$CriticalAlerts"/>
<objectids-entry key="¤¤" objectid="173" type="MONITOR" value="NeoLoad$NeoLoad$WarningAlerts"/>
<objectids-entry key="¤¤" objectid="174" type="MONITOR" value="NeoLoad$NeoLoad$cpu"/>
<objectids-entry key="¤¤" objectid="175" type="THRESHOLD" value="NeoLoad$NeoLoad$74113d21-6517-40bc-8573-4fb8314cd4f8"/>
<objectids-entry key="¤¤" objectid="176" type="MONITOR" value="NeoLoad$NeoLoad$memory"/>
<objectids-entry key="¤¤" objectid="177" type="THRESHOLD" value="NeoLoad$NeoLoad$d725ef2a-ff0a-4fd8-84f6-9de5b5dcfb5e"/>
<objectids-entry key="¤¤" objectid="178" type="MONITOR" value="NeoLoad$NeoLoad$threadcount"/>
<objectids-entry key="¤¤" objectid="179" type="MONITOR" value="NeoLoad$NeoLoad$connectedlg"/>
<objectids-entry key="¤¤" objectid="180" type="MONITOR" value="NeoLoad$NeoLoad$totallgdisconnections"/>
<objectids-entry key="¤¤" objectid="181" type="THRESHOLD" value="NeoLoad$NeoLoad$e984f775-f19e-45f6-83ad-bf56bcc8dc39"/>
<objectids-entry key="¤¤" objectid="182" type="MONITOR" value="NeoLoad$NeoLoad$totallgreconnections"/>
<objectids-entry key="¤¤" objectid="183" type="MONITOR" value="NeoLoad$NeoLoad$otcp.NeoLoad"/>
<objectids-entry key="¤¤" objectid="184" type="MONITOR" value="NeoLoad$NeoLoad$tcp.NeoLoad"/>
<objectids-entry key="¤¤" objectid="185" type="MONITOR" value="NeoLoad$NeoLoad$ibytesperinterface~NeoLoad~wlan1"/>
<objectids-entry key="¤¤" objectid="186" type="MONITOR" value="NeoLoad$NeoLoad$obytesperinterface~NeoLoad~wlan1"/>
<objectids-entry key="¤¤" objectid="187" type="MONITOR" value="NeoLoad$NeoLoad$ibytesperinterface~NeoLoad~eth7"/>
<objectids-entry key="¤¤" objectid="188" type="MONITOR" value="NeoLoad$NeoLoad$obytesperinterface~NeoLoad~eth7"/>
<objectids-entry key="¤¤" objectid="189" type="MONITOR" value="NeoLoad$NeoLoad$ibytesperinterface~NeoLoad~eth4"/>
<objectids-entry key="¤¤" objectid="190" type="MONITOR" value="NeoLoad$NeoLoad$obytesperinterface~NeoLoad~eth4"/>
<objectids-entry key="¤¤" objectid="191" type="MONITOR" value="NeoLoad$NeoLoad$ibytesperinterface~NeoLoad~wlan2"/>
<objectids-entry key="¤¤" objectid="192" type="MONITOR" value="NeoLoad$NeoLoad$obytesperinterface~NeoLoad~wlan2"/>
<objectids-entry key="¤¤" objectid="193" type="MONITOR" value="NeoLoad$NeoLoad$nlwebdownload"/>
<objectids-entry key="¤¤" objectid="194" type="MONITOR" value="NeoLoad$NeoLoad$nlwebupload"/>
<objectids-entry key="¤¤" objectid="195" type="MONITOR" value="NeoLoad$NeoLoad$SapUserLoad"/>
<objectids-entry key="¤¤" objectid="196" type="MONITOR" value="NeoLoad$NeoLoad$CitrixUserLoad"/>
<objectids-entry key="¤¤" objectid="197" type="MONITOR" value="NeoLoad$NeoLoad$zoneuserload~Zone par défaut"/>
<objectids-entry key="¤¤" objectid="198" type="MONITOR" value="NeoLoad$NeoLoad$zoneuserloadperpopulation~Zone par défaut~petstore"/>
<objectids-entry key="¤¤" objectid="199" type="MONITOR" value="NeoLoad$NeoLoad$zoneuserloadperpopulation~Zone par défaut~petstore~2- Buyer"/>
<objectids-entry key="¤¤" objectid="200" type="MONITOR" value="NeoLoad$NeoLoad$zoneuserloadperpopulation~Zone par défaut~petstore~2-Searcher"/>
<objectids-entry key="¤¤" objectid="201" type="MONITORED_HOST" value="Injecteur localhost:7100"/>
<objectids-entry key="¤¤" objectid="202" type="MONITORCONNECTION" value="Injecteur localhost:7100$NeoLoad"/>
<objectids-entry key="¤¤" objectid="203" type="MONITOR" value="Injecteur localhost:7100$NeoLoad$lgcpu.localhost:7100"/>
<objectids-entry key="¤¤" objectid="204" type="THRESHOLD" value="Injecteur localhost:7100$NeoLoad$9b5f5b7d-37e5-4dc3-9fd4-0b08b4cecbcb"/>
<objectids-entry key="¤¤" objectid="205" type="MONITOR" value="Injecteur localhost:7100$NeoLoad$lgmemory.localhost:7100"/>
<objectids-entry key="¤¤" objectid="206" type="THRESHOLD" value="Injecteur localhost:7100$NeoLoad$381315d1-3332-49b9-8427-0b769ba0ca47"/>
<objectids-entry key="¤¤" objectid="207" type="MONITOR" value="Injecteur localhost:7100$NeoLoad$lgthroughput.localhost:7100"/>
<objectids-entry key="¤¤" objectid="208" type="MONITOR" value="Injecteur localhost:7100$NeoLoad$lguserloadperpopulation~localhost:7100"/>
<objectids-entry key="¤¤" objectid="209" type="MONITOR" value="Injecteur localhost:7100$NeoLoad$lgthreadcount.localhost:7100"/>
<objectids-entry key="¤¤" objectid="210" type="MONITOR" value="Injecteur localhost:7100$NeoLoad$lg.jetty.httpclient.threadpool.used.localhost:7100"/>
<objectids-entry key="¤¤" objectid="211" type="MONITOR" value="Injecteur localhost:7100$NeoLoad$lg.jetty.httpclient.taskpool.used.localhost:7100"/>
<objectids-entry key="¤¤" objectid="212" type="THRESHOLD" value="Injecteur localhost:7100$NeoLoad$691b33c4-6eac-4a9e-b6de-d4770669b7ce"/>
<objectids-entry key="¤¤" objectid="213" type="MONITOR" value="Injecteur localhost:7100$NeoLoad$lgdisconnections.localhost:7100"/>
<objectids-entry key="¤¤" objectid="214" type="MONITOR" value="Injecteur localhost:7100$NeoLoad$lgreconnections.localhost:7100"/>
<objectids-entry key="¤¤" objectid="215" type="MONITOR" value="Injecteur localhost:7100$NeoLoad$lgping.localhost:7100"/>
<objectids-entry key="¤¤" objectid="216" type="MONITOR" value="Injecteur localhost:7100$NeoLoad$lgotcp.localhost:7100"/>
<objectids-entry key="¤¤" objectid="217" type="MONITOR" value="Injecteur localhost:7100$NeoLoad$lgtcp.localhost:7100"/>
<objectids-entry key="¤¤" objectid="218" type="MONITOR" value="Injecteur localhost:7100$NeoLoad$lgibytesperinterface~localhost:7100~wlan1"/>
<objectids-entry key="¤¤" objectid="219" type="MONITOR" value="Injecteur localhost:7100$NeoLoad$lgobytesperinterface~localhost:7100~wlan1"/>
<objectids-entry key="¤¤" objectid="220" type="MONITOR" value="Injecteur localhost:7100$NeoLoad$lgibytesperinterface~localhost:7100~eth7"/>
<objectids-entry key="¤¤" objectid="221" type="MONITOR" value="Injecteur localhost:7100$NeoLoad$lgobytesperinterface~localhost:7100~eth7"/>
<objectids-entry key="¤¤" objectid="222" type="MONITOR" value="Injecteur localhost:7100$NeoLoad$lgibytesperinterface~localhost:7100~eth4"/>
<objectids-entry key="¤¤" objectid="223" type="MONITOR" value="Injecteur localhost:7100$NeoLoad$lgobytesperinterface~localhost:7100~eth4"/>
<objectids-entry key="¤¤" objectid="224" type="MONITOR" value="Injecteur localhost:7100$NeoLoad$lgibytesperinterface~localhost:7100~wlan2"/>
<objectids-entry key="¤¤" objectid="225" type="MONITOR" value="Injecteur localhost:7100$NeoLoad$lgobytesperinterface~localhost:7100~wlan2"/>
</objectids-table>
<!--****** DURATION ******-->
<duration value="0"/>
<!--****** AGGREGATION PERIOD ******-->
<aggregation-period value="1000"/>
<!--****** EXTENDED STATISTICS ******-->
<truncated-mean centered-interval="true" percentage="90"/>
<percentile percentage="50"/>
</project>
